connector,payment_method,payment_method_type,feature,description,hs_endpoint,cypress_test_status
aci,BankRedirect,Eft,Payment,"Base payment authorization for this connector + PM + PMT combination",POST /payments,covered
aci,BankRedirect,Eps,Payment,"Base payment authorization for this connector + PM + PMT combination",POST /payments,covered
aci,BankRedirect,Giropay,Payment,"Base payment authorization for this connector + PM + PMT combination",POST /payments,covered
aci,BankRedirect,Ideal,Payment,"Base payment authorization for this connector + PM + PMT combination",POST /payments,covered
aci,BankRedirect,Interac,Payment,"Base payment authorization for this connector + PM + PMT combination",POST /payments,covered
aci,BankRedirect,Przelewy24,Payment,"Base payment authorization for this connector + PM + PMT combination",POST /payments,covered
aci,BankRedirect,Sofort,Payment,"Base payment authorization for this connector + PM + PMT combination",POST /payments,covered
aci,BankRedirect,Trustly,Payment,"Base payment authorization for this connector + PM + PMT combination",POST /payments,covered
aci,Card,Credit,Payment,"Base payment authorization for this connector + PM + PMT combination",POST /payments,covered
aci,Card,Credit,Mandate,"Recurring/stored credential mandate setup for this connector + PM + PMT combination","POST /payments (setup_future_usage+mandate_data)",covered
aci,Card,Debit,Payment,"Base payment authorization for this connector + PM + PMT combination",POST /payments,covered
aci,Card,Debit,Mandate,"Recurring/stored credential mandate setup for this connector + PM + PMT combination","POST /payments (setup_future_usage+mandate_data)",covered
aci,PayLater,Klarna,Payment,"Base payment authorization for this connector + PM + PMT combination",POST /payments,not_covered
aci,Wallet,AliPay,Payment,"Base payment authorization for this connector + PM + PMT combination",POST /payments,not_covered
aci,Wallet,MbWay,Payment,"Base payment authorization for this connector + PM + PMT combination",POST /payments,not_covered
adyen,BankDebit,Ach,Payment,"Base payment authorization for this connector + PM + PMT combination",POST /payments,not_covered
adyen,BankDebit,Ach,Mandate,"Recurring/stored credential mandate setup for this connector + PM + PMT combination","POST /payments (setup_future_usage+mandate_data)",not_covered
adyen,BankDebit,Bacs,Payment,"Base payment authorization for this connector + PM + PMT combination",POST /payments,not_covered
adyen,BankDebit,Bacs,Mandate,"Recurring/stored credential mandate setup for this connector + PM + PMT combination","POST /payments (setup_future_usage+mandate_data)",not_covered
adyen,BankDebit,Sepa,Payment,"Base payment authorization for this connector + PM + PMT combination",POST /payments,not_covered
adyen,BankDebit,Sepa,Mandate,"Recurring/stored credential mandate setup for this connector + PM + PMT combination","POST /payments (setup_future_usage+mandate_data)",not_covered
adyen,BankRedirect,BancontactCard,Payment,"Base payment authorization for this connector + PM + PMT combination",POST /payments,covered
adyen,BankRedirect,BancontactCard,Mandate,"Recurring/stored credential mandate setup for this connector + PM + PMT combination","POST /payments (setup_future_usage+mandate_data)",not_covered
adyen,BankRedirect,Bizum,Payment,"Base payment authorization for this connector + PM + PMT combination",POST /payments,covered
adyen,BankRedirect,Blik,Payment,"Base payment authorization for this connector + PM + PMT combination",POST /payments,covered
adyen,BankRedirect,Eps,Payment,"Base payment authorization for this connector + PM + PMT combination",POST /payments,covered
adyen,BankRedirect,Ideal,Payment,"Base payment authorization for this connector + PM + PMT combination",POST /payments,covered
adyen,BankRedirect,Ideal,Mandate,"Recurring/stored credential mandate setup for this connector + PM + PMT combination","POST /payments (setup_future_usage+mandate_data)",not_covered
adyen,BankRedirect,OnlineBankingCzechRepublic,Payment,"Base payment authorization for this connector + PM + PMT combination",POST /payments,covered
adyen,BankRedirect,OnlineBankingFinland,Payment,"Base payment authorization for this connector + PM + PMT combination",POST /payments,covered
adyen,BankRedirect,OnlineBankingFpx,Payment,"Base payment authorization for this connector + PM + PMT combination",POST /payments,covered
adyen,BankRedirect,OnlineBankingPoland,Payment,"Base payment authorization for this connector + PM + PMT combination",POST /payments,covered
adyen,BankRedirect,OnlineBankingSlovakia,Payment,"Base payment authorization for this connector + PM + PMT combination",POST /payments,covered
adyen,BankRedirect,OnlineBankingThailand,Payment,"Base payment authorization for this connector + PM + PMT combination",POST /payments,covered
adyen,BankRedirect,OpenBankingUk,Payment,"Base payment authorization for this connector + PM + PMT combination",POST /payments,covered
adyen,BankRedirect,OpenBankingUk,Mandate,"Recurring/stored credential mandate setup for this connector + PM + PMT combination","POST /payments (setup_future_usage+mandate_data)",not_covered
adyen,BankRedirect,Trustly,Payment,"Base payment authorization for this connector + PM + PMT combination",POST /payments,covered
adyen,BankRedirect,Trustly,Mandate,"Recurring/stored credential mandate setup for this connector + PM + PMT combination","POST /payments (setup_future_usage+mandate_data)",not_covered
adyen,BankTransfer,BcaBankTransfer,Payment,"Base payment authorization for this connector + PM + PMT combination",POST /payments,covered
adyen,BankTransfer,BniVa,Payment,"Base payment authorization for this connector + PM + PMT combination",POST /payments,covered
adyen,BankTransfer,BriVa,Payment,"Base payment authorization for this connector + PM + PMT combination",POST /payments,covered
adyen,BankTransfer,CimbVa,Payment,"Base payment authorization for this connector + PM + PMT combination",POST /payments,covered
adyen,BankTransfer,DanamonVa,Payment,"Base payment authorization for this connector + PM + PMT combination",POST /payments,covered
adyen,BankTransfer,MandiriVa,Payment,"Base payment authorization for this connector + PM + PMT combination",POST /payments,covered
adyen,BankTransfer,PermataBankTransfer,Payment,"Base payment authorization for this connector + PM + PMT combination",POST /payments,covered
adyen,BankTransfer,Pix,Payment,"Base payment authorization for this connector + PM + PMT combination",POST /payments,covered
adyen,Card,Credit,Payment,"Base payment authorization for this connector + PM + PMT combination",POST /payments,covered
adyen,Card,Credit,Mandate,"Recurring/stored credential mandate setup for this connector + PM + PMT combination","POST /payments (setup_future_usage+mandate_data)",covered
adyen,Card,Debit,Payment,"Base payment authorization for this connector + PM + PMT combination",POST /payments,covered
adyen,Card,Debit,Mandate,"Recurring/stored credential mandate setup for this connector + PM + PMT combination","POST /payments (setup_future_usage+mandate_data)",covered
adyen,CardRedirect,Benefit,Payment,"Base payment authorization for this connector + PM + PMT combination",POST /payments,not_covered
adyen,CardRedirect,Knet,Payment,"Base payment authorization for this connector + PM + PMT combination",POST /payments,not_covered
adyen,CardRedirect,MomoAtm,Payment,"Base payment authorization for this connector + PM + PMT combination",POST /payments,not_covered
adyen,GiftCard,Givex,Payment,"Base payment authorization for this connector + PM + PMT combination",POST /payments,not_covered
adyen,GiftCard,PaySafeCard,Payment,"Base payment authorization for this connector + PM + PMT combination",POST /payments,not_covered
adyen,PayLater,Affirm,Payment,"Base payment authorization for this connector + PM + PMT combination",POST /payments,not_covered
adyen,PayLater,AfterpayClearpay,Payment,"Base payment authorization for this connector + PM + PMT combination",POST /payments,not_covered
adyen,PayLater,Alma,Payment,"Base payment authorization for this connector + PM + PMT combination",POST /payments,not_covered
adyen,PayLater,Atome,Payment,"Base payment authorization for this connector + PM + PMT combination",POST /payments,not_covered
adyen,PayLater,Klarna,Payment,"Base payment authorization for this connector + PM + PMT combination",POST /payments,not_covered
adyen,PayLater,Klarna,Mandate,"Recurring/stored credential mandate setup for this connector + PM + PMT combination","POST /payments (setup_future_usage+mandate_data)",not_covered
adyen,PayLater,PayBright,Payment,"Base payment authorization for this connector + PM + PMT combination",POST /payments,not_covered
adyen,PayLater,Walley,Payment,"Base payment authorization for this connector + PM + PMT combination",POST /payments,not_covered
adyen,Voucher,Alfamart,Payment,"Base payment authorization for this connector + PM + PMT combination",POST /payments,not_covered
adyen,Voucher,Boleto,Payment,"Base payment authorization for this connector + PM + PMT combination",POST /payments,not_covered
adyen,Voucher,FamilyMart,Payment,"Base payment authorization for this connector + PM + PMT combination",POST /payments,not_covered
adyen,Voucher,Indomaret,Payment,"Base payment authorization for this connector + PM + PMT combination",POST /payments,not_covered
adyen,Voucher,Lawson,Payment,"Base payment authorization for this connector + PM + PMT combination",POST /payments,not_covered
adyen,Voucher,MiniStop,Payment,"Base payment authorization for this connector + PM + PMT combination",POST /payments,not_covered
adyen,Voucher,Oxxo,Payment,"Base payment authorization for this connector + PM + PMT combination",POST /payments,not_covered
adyen,Voucher,PayEasy,Payment,"Base payment authorization for this connector + PM + PMT combination",POST /payments,not_covered
adyen,Voucher,Seicomart,Payment,"Base payment authorization for this connector + PM + PMT combination",POST /payments,not_covered
adyen,Voucher,SevenEleven,Payment,"Base payment authorization for this connector + PM + PMT combination",POST /payments,not_covered
adyen,Wallet,AliPay,Payment,"Base payment authorization for this connector + PM + PMT combination",POST /payments,covered
adyen,Wallet,AliPayHk,Payment,"Base payment authorization for this connector + PM + PMT combination",POST /payments,covered
adyen,Wallet,ApplePay,Payment,"Base payment authorization for this connector + PM + PMT combination",POST /payments,covered
adyen,Wallet,ApplePay,Mandate,"Recurring/stored credential mandate setup for this connector + PM + PMT combination","POST /payments (setup_future_usage+mandate_data)",not_covered
adyen,Wallet,Dana,Payment,"Base payment authorization for this connector + PM + PMT combination",POST /payments,covered
adyen,Wallet,Dana,Mandate,"Recurring/stored credential mandate setup for this connector + PM + PMT combination","POST /payments (setup_future_usage+mandate_data)",not_covered
adyen,Wallet,Gcash,Payment,"Base payment authorization for this connector + PM + PMT combination",POST /payments,covered
adyen,Wallet,Gcash,Mandate,"Recurring/stored credential mandate setup for this connector + PM + PMT combination","POST /payments (setup_future_usage+mandate_data)",not_covered
adyen,Wallet,GoPay,Payment,"Base payment authorization for this connector + PM + PMT combination",POST /payments,covered
adyen,Wallet,GoPay,Mandate,"Recurring/stored credential mandate setup for this connector + PM + PMT combination","POST /payments (setup_future_usage+mandate_data)",not_covered
adyen,Wallet,GooglePay,Payment,"Base payment authorization for this connector + PM + PMT combination",POST /payments,covered
adyen,Wallet,GooglePay,Mandate,"Recurring/stored credential mandate setup for this connector + PM + PMT combination","POST /payments (setup_future_usage+mandate_data)",not_covered
adyen,Wallet,KakaoPay,Payment,"Base payment authorization for this connector + PM + PMT combination",POST /payments,covered
adyen,Wallet,KakaoPay,Mandate,"Recurring/stored credential mandate setup for this connector + PM + PMT combination","POST /payments (setup_future_usage+mandate_data)",not_covered
adyen,Wallet,MbWay,Payment,"Base payment authorization for this connector + PM + PMT combination",POST /payments,covered
adyen,Wallet,MobilePay,Payment,"Base payment authorization for this connector + PM + PMT combination",POST /payments,covered
adyen,Wallet,Momo,Payment,"Base payment authorization for this connector + PM + PMT combination",POST /payments,covered
adyen,Wallet,Momo,Mandate,"Recurring/stored credential mandate setup for this connector + PM + PMT combination","POST /payments (setup_future_usage+mandate_data)",not_covered
adyen,Wallet,Paypal,Payment,"Base payment authorization for this connector + PM + PMT combination",POST /payments,covered
adyen,Wallet,Paypal,Mandate,"Recurring/stored credential mandate setup for this connector + PM + PMT combination","POST /payments (setup_future_usage+mandate_data)",not_covered
adyen,Wallet,Paze,Payment,"Base payment authorization for this connector + PM + PMT combination",POST /payments,covered
adyen,Wallet,SamsungPay,Payment,"Base payment authorization for this connector + PM + PMT combination",POST /payments,covered
adyen,Wallet,Swish,Payment,"Base payment authorization for this connector + PM + PMT combination",POST /payments,covered
adyen,Wallet,TouchNGo,Payment,"Base payment authorization for this connector + PM + PMT combination",POST /payments,covered
adyen,Wallet,Twint,Payment,"Base payment authorization for this connector + PM + PMT combination",POST /payments,covered
adyen,Wallet,Twint,Mandate,"Recurring/stored credential mandate setup for this connector + PM + PMT combination","POST /payments (setup_future_usage+mandate_data)",not_covered
adyen,Wallet,Vipps,Payment,"Base payment authorization for this connector + PM + PMT combination",POST /payments,covered
adyen,Wallet,Vipps,Mandate,"Recurring/stored credential mandate setup for this connector + PM + PMT combination","POST /payments (setup_future_usage+mandate_data)",not_covered
adyen,Wallet,WeChatPay,Payment,"Base payment authorization for this connector + PM + PMT combination",POST /payments,covered
affirm,PayLater,Affirm,Payment,"Base payment authorization for this connector + PM + PMT combination",POST /payments,no_cypress_config
airwallex,BankRedirect,Blik,Payment,"Base payment authorization for this connector + PM + PMT combination",POST /payments,covered
airwallex,BankRedirect,Ideal,Payment,"Base payment authorization for this connector + PM + PMT combination",POST /payments,covered
airwallex,BankRedirect,Trustly,Payment,"Base payment authorization for this connector + PM + PMT combination",POST /payments,covered
airwallex,BankTransfer,IndonesianBankTransfer,Payment,"Base payment authorization for this connector + PM + PMT combination",POST /payments,not_covered
airwallex,Card,Credit,Payment,"Base payment authorization for this connector + PM + PMT combination",POST /payments,covered
airwallex,Card,Credit,Mandate,"Recurring/stored credential mandate setup for this connector + PM + PMT combination","POST /payments (setup_future_usage+mandate_data)",covered
airwallex,Card,Debit,Payment,"Base payment authorization for this connector + PM + PMT combination",POST /payments,covered
airwallex,Card,Debit,Mandate,"Recurring/stored credential mandate setup for this connector + PM + PMT combination","POST /payments (setup_future_usage+mandate_data)",covered
airwallex,PayLater,Atome,Payment,"Base payment authorization for this connector + PM + PMT combination",POST /payments,not_covered
airwallex,PayLater,Klarna,Payment,"Base payment authorization for this connector + PM + PMT combination",POST /payments,not_covered
airwallex,Wallet,GooglePay,Payment,"Base payment authorization for this connector + PM + PMT combination",POST /payments,not_covered
airwallex,Wallet,Paypal,Payment,"Base payment authorization for this connector + PM + PMT combination",POST /payments,not_covered
airwallex,Wallet,Skrill,Payment,"Base payment authorization for this connector + PM + PMT combination",POST /payments,not_covered
amazonpay,Wallet,AmazonPay,Payment,"Base payment authorization for this connector + PM + PMT combination",POST /payments,no_cypress_config
archipel,Card,Credit,Payment,"Base payment authorization for this connector + PM + PMT combination",POST /payments,covered
archipel,Card,Credit,Mandate,"Recurring/stored credential mandate setup for this connector + PM + PMT combination","POST /payments (setup_future_usage+mandate_data)",covered
archipel,Card,Debit,Payment,"Base payment authorization for this connector + PM + PMT combination",POST /payments,covered
archipel,Card,Debit,Mandate,"Recurring/stored credential mandate setup for this connector + PM + PMT combination","POST /payments (setup_future_usage+mandate_data)",covered
archipel,Wallet,ApplePay,Payment,"Base payment authorization for this connector + PM + PMT combination",POST /payments,not_covered
authipay,Card,Credit,Payment,"Base payment authorization for this connector + PM + PMT combination",POST /payments,covered
authipay,Card,Debit,Payment,"Base payment authorization for this connector + PM + PMT combination",POST /payments,covered
authorizedotnet,Card,Credit,Payment,"Base payment authorization for this connector + PM + PMT combination",POST /payments,covered
authorizedotnet,Card,Credit,Mandate,"Recurring/stored credential mandate setup for this connector + PM + PMT combination","POST /payments (setup_future_usage+mandate_data)",covered
authorizedotnet,Card,Debit,Payment,"Base payment authorization for this connector + PM + PMT combination",POST /payments,covered
authorizedotnet,Card,Debit,Mandate,"Recurring/stored credential mandate setup for this connector + PM + PMT combination","POST /payments (setup_future_usage+mandate_data)",covered
authorizedotnet,Wallet,ApplePay,Payment,"Base payment authorization for this connector + PM + PMT combination",POST /payments,not_covered
authorizedotnet,Wallet,ApplePay,Mandate,"Recurring/stored credential mandate setup for this connector + PM + PMT combination","POST /payments (setup_future_usage+mandate_data)",not_covered
authorizedotnet,Wallet,GooglePay,Payment,"Base payment authorization for this connector + PM + PMT combination",POST /payments,not_covered
authorizedotnet,Wallet,GooglePay,Mandate,"Recurring/stored credential mandate setup for this connector + PM + PMT combination","POST /payments (setup_future_usage+mandate_data)",not_covered
authorizedotnet,Wallet,Paypal,Payment,"Base payment authorization for this connector + PM + PMT combination",POST /payments,not_covered
bambora,Card,Credit,Payment,"Base payment authorization for this connector + PM + PMT combination",POST /payments,covered
bamboraapac,Card,Credit,Payment,"Base payment authorization for this connector + PM + PMT combination",POST /payments,covered
bamboraapac,Card,Credit,Mandate,"Recurring/stored credential mandate setup for this connector + PM + PMT combination","POST /payments (setup_future_usage+mandate_data)",covered
bamboraapac,Card,Debit,Payment,"Base payment authorization for this connector + PM + PMT combination",POST /payments,covered
bamboraapac,Card,Debit,Mandate,"Recurring/stored credential mandate setup for this connector + PM + PMT combination","POST /payments (setup_future_usage+mandate_data)",covered
bankofamerica,Card,Credit,Payment,"Base payment authorization for this connector + PM + PMT combination",POST /payments,covered
bankofamerica,Card,Credit,Mandate,"Recurring/stored credential mandate setup for this connector + PM + PMT combination","POST /payments (setup_future_usage+mandate_data)",covered
bankofamerica,Card,Debit,Payment,"Base payment authorization for this connector + PM + PMT combination",POST /payments,covered
bankofamerica,Card,Debit,Mandate,"Recurring/stored credential mandate setup for this connector + PM + PMT combination","POST /payments (setup_future_usage+mandate_data)",covered
bankofamerica,Wallet,ApplePay,Payment,"Base payment authorization for this connector + PM + PMT combination",POST /payments,not_covered
bankofamerica,Wallet,ApplePay,Mandate,"Recurring/stored credential mandate setup for this connector + PM + PMT combination","POST /payments (setup_future_usage+mandate_data)",not_covered
bankofamerica,Wallet,GooglePay,Payment,"Base payment authorization for this connector + PM + PMT combination",POST /payments,not_covered
bankofamerica,Wallet,GooglePay,Mandate,"Recurring/stored credential mandate setup for this connector + PM + PMT combination","POST /payments (setup_future_usage+mandate_data)",not_covered
bankofamerica,Wallet,SamsungPay,Payment,"Base payment authorization for this connector + PM + PMT combination",POST /payments,not_covered
barclaycard,Card,Credit,Payment,"Base payment authorization for this connector + PM + PMT combination",POST /payments,covered
barclaycard,Card,Debit,Payment,"Base payment authorization for this connector + PM + PMT combination",POST /payments,covered
barclaycard,Wallet,ApplePay,Payment,"Base payment authorization for this connector + PM + PMT combination",POST /payments,not_covered
barclaycard,Wallet,GooglePay,Payment,"Base payment authorization for this connector + PM + PMT combination",POST /payments,not_covered
billwerk,Card,Credit,Payment,"Base payment authorization for this connector + PM + PMT combination",POST /payments,covered
billwerk,Card,Debit,Payment,"Base payment authorization for this connector + PM + PMT combination",POST /payments,covered
bitpay,Crypto,CryptoCurrency,Payment,"Base payment authorization for this connector + PM + PMT combination",POST /payments,no_cypress_config
blackhawknetwork,GiftCard,BhnCardNetwork,Payment,"Base payment authorization for this connector + PM + PMT combination",POST /payments,no_cypress_config
bluesnap,Card,Credit,Payment,"Base payment authorization for this connector + PM + PMT combination",POST /payments,covered
bluesnap,Wallet,ApplePay,Payment,"Base payment authorization for this connector + PM + PMT combination",POST /payments,not_covered
bluesnap,Wallet,GooglePay,Payment,"Base payment authorization for this connector + PM + PMT combination",POST /payments,not_covered
boku,Wallet,Dana,Payment,"Base payment authorization for this connector + PM + PMT combination",POST /payments,no_cypress_config
boku,Wallet,Gcash,Payment,"Base payment authorization for this connector + PM + PMT combination",POST /payments,no_cypress_config
boku,Wallet,GoPay,Payment,"Base payment authorization for this connector + PM + PMT combination",POST /payments,no_cypress_config
boku,Wallet,KakaoPay,Payment,"Base payment authorization for this connector + PM + PMT combination",POST /payments,no_cypress_config
boku,Wallet,Momo,Payment,"Base payment authorization for this connector + PM + PMT combination",POST /payments,no_cypress_config
braintree,Card,Credit,Payment,"Base payment authorization for this connector + PM + PMT combination",POST /payments,covered
braintree,Card,Credit,Mandate,"Recurring/stored credential mandate setup for this connector + PM + PMT combination","POST /payments (setup_future_usage+mandate_data)",covered
braintree,Card,Debit,Payment,"Base payment authorization for this connector + PM + PMT combination",POST /payments,covered
braintree,Card,Debit,Mandate,"Recurring/stored credential mandate setup for this connector + PM + PMT combination","POST /payments (setup_future_usage+mandate_data)",covered
braintree,Wallet,ApplePay,Payment,"Base payment authorization for this connector + PM + PMT combination",POST /payments,not_covered
braintree,Wallet,ApplePay,Mandate,"Recurring/stored credential mandate setup for this connector + PM + PMT combination","POST /payments (setup_future_usage+mandate_data)",not_covered
braintree,Wallet,GooglePay,Payment,"Base payment authorization for this connector + PM + PMT combination",POST /payments,not_covered
braintree,Wallet,Paypal,Payment,"Base payment authorization for this connector + PM + PMT combination",POST /payments,not_covered
breadpay,PayLater,Breadpay,Payment,"Base payment authorization for this connector + PM + PMT combination",POST /payments,no_cypress_config
calida,Wallet,Bluecode,Payment,"Base payment authorization for this connector + PM + PMT combination",POST /payments,covered
cashtocode,Reward,ClassicReward,Payment,"Base payment authorization for this connector + PM + PMT combination",POST /payments,covered
cashtocode,Reward,Evoucher,Payment,"Base payment authorization for this connector + PM + PMT combination",POST /payments,covered
celero,Card,Credit,Payment,"Base payment authorization for this connector + PM + PMT combination",POST /payments,covered
celero,Card,Debit,Payment,"Base payment authorization for this connector + PM + PMT combination",POST /payments,covered
checkbook,BankTransfer,Ach,Payment,"Base payment authorization for this connector + PM + PMT combination",POST /payments,covered
checkout,Card,Credit,Payment,"Base payment authorization for this connector + PM + PMT combination",POST /payments,covered
checkout,Card,Credit,Mandate,"Recurring/stored credential mandate setup for this connector + PM + PMT combination","POST /payments (setup_future_usage+mandate_data)",covered
checkout,Card,Debit,Payment,"Base payment authorization for this connector + PM + PMT combination",POST /payments,covered
checkout,Card,Debit,Mandate,"Recurring/stored credential mandate setup for this connector + PM + PMT combination","POST /payments (setup_future_usage+mandate_data)",covered
checkout,NetworkToken,NetworkToken,Payment,"Base payment authorization for this connector + PM + PMT combination",POST /payments,covered
checkout,Wallet,ApplePay,Payment,"Base payment authorization for this connector + PM + PMT combination",POST /payments,not_covered
checkout,Wallet,GooglePay,Payment,"Base payment authorization for this connector + PM + PMT combination",POST /payments,not_covered
coinbase,Crypto,CryptoCurrency,Payment,"Base payment authorization for this connector + PM + PMT combination",POST /payments,no_cypress_config
coingate,Crypto,CryptoCurrency,Payment,"Base payment authorization for this connector + PM + PMT combination",POST /payments,no_cypress_config
cryptopay,Crypto,CryptoCurrency,Payment,"Base payment authorization for this connector + PM + PMT combination",POST /payments,covered
cybersource,Card,Credit,Payment,"Base payment authorization for this connector + PM + PMT combination",POST /payments,covered
cybersource,Card,Credit,Mandate,"Recurring/stored credential mandate setup for this connector + PM + PMT combination","POST /payments (setup_future_usage+mandate_data)",covered
cybersource,Card,Debit,Payment,"Base payment authorization for this connector + PM + PMT combination",POST /payments,covered
cybersource,Card,Debit,Mandate,"Recurring/stored credential mandate setup for this connector + PM + PMT combination","POST /payments (setup_future_usage+mandate_data)",covered
cybersource,Wallet,ApplePay,Payment,"Base payment authorization for this connector + PM + PMT combination",POST /payments,not_covered
cybersource,Wallet,ApplePay,Mandate,"Recurring/stored credential mandate setup for this connector + PM + PMT combination","POST /payments (setup_future_usage+mandate_data)",not_covered
cybersource,Wallet,GooglePay,Payment,"Base payment authorization for this connector + PM + PMT combination",POST /payments,not_covered
cybersource,Wallet,GooglePay,Mandate,"Recurring/stored credential mandate setup for this connector + PM + PMT combination","POST /payments (setup_future_usage+mandate_data)",not_covered
cybersource,Wallet,Paze,Payment,"Base payment authorization for this connector + PM + PMT combination",POST /payments,not_covered
cybersource,Wallet,Paze,Mandate,"Recurring/stored credential mandate setup for this connector + PM + PMT combination","POST /payments (setup_future_usage+mandate_data)",not_covered
cybersource,Wallet,SamsungPay,Payment,"Base payment authorization for this connector + PM + PMT combination",POST /payments,not_covered
cybersource,Wallet,SamsungPay,Mandate,"Recurring/stored credential mandate setup for this connector + PM + PMT combination","POST /payments (setup_future_usage+mandate_data)",not_covered
datatrans,Card,Credit,Payment,"Base payment authorization for this connector + PM + PMT combination",POST /payments,covered
datatrans,Card,Credit,Mandate,"Recurring/stored credential mandate setup for this connector + PM + PMT combination","POST /payments (setup_future_usage+mandate_data)",covered
datatrans,Card,Debit,Payment,"Base payment authorization for this connector + PM + PMT combination",POST /payments,covered
datatrans,Card,Debit,Mandate,"Recurring/stored credential mandate setup for this connector + PM + PMT combination","POST /payments (setup_future_usage+mandate_data)",covered
deutschebank,BankDebit,Sepa,Payment,"Base payment authorization for this connector + PM + PMT combination",POST /payments,not_covered
deutschebank,BankDebit,Sepa,Mandate,"Recurring/stored credential mandate setup for this connector + PM + PMT combination","POST /payments (setup_future_usage+mandate_data)",not_covered
deutschebank,Card,Credit,Payment,"Base payment authorization for this connector + PM + PMT combination",POST /payments,covered
deutschebank,Card,Debit,Payment,"Base payment authorization for this connector + PM + PMT combination",POST /payments,covered
digitalvirgo,MobilePayment,DirectCarrierBilling,Payment,"Base payment authorization for this connector + PM + PMT combination",POST /payments,no_cypress_config
dlocal,Card,Credit,Payment,"Base payment authorization for this connector + PM + PMT combination",POST /payments,covered
dlocal,Card,Debit,Payment,"Base payment authorization for this connector + PM + PMT combination",POST /payments,covered
dlocal,Voucher,Oxxo,Payment,"Base payment authorization for this connector + PM + PMT combination",POST /payments,not_covered
dwolla,BankDebit,Ach,Payment,"Base payment authorization for this connector + PM + PMT combination",POST /payments,no_cypress_config
elavon,Card,Credit,Payment,"Base payment authorization for this connector + PM + PMT combination",POST /payments,covered
elavon,Card,Credit,Mandate,"Recurring/stored credential mandate setup for this connector + PM + PMT combination","POST /payments (setup_future_usage+mandate_data)",covered
elavon,Card,Debit,Payment,"Base payment authorization for this connector + PM + PMT combination",POST /payments,covered
elavon,Card,Debit,Mandate,"Recurring/stored credential mandate setup for this connector + PM + PMT combination","POST /payments (setup_future_usage+mandate_data)",covered
facilitapay,BankTransfer,Pix,Payment,"Base payment authorization for this connector + PM + PMT combination",POST /payments,covered
finix,Card,Credit,Payment,"Base payment authorization for this connector + PM + PMT combination",POST /payments,covered
finix,Card,Credit,Mandate,"Recurring/stored credential mandate setup for this connector + PM + PMT combination","POST /payments (setup_future_usage+mandate_data)",covered
finix,Card,Debit,Payment,"Base payment authorization for this connector + PM + PMT combination",POST /payments,covered
finix,Card,Debit,Mandate,"Recurring/stored credential mandate setup for this connector + PM + PMT combination","POST /payments (setup_future_usage+mandate_data)",covered
finix,Wallet,ApplePay,Payment,"Base payment authorization for this connector + PM + PMT combination",POST /payments,not_covered
finix,Wallet,ApplePay,Mandate,"Recurring/stored credential mandate setup for this connector + PM + PMT combination","POST /payments (setup_future_usage+mandate_data)",not_covered
finix,Wallet,GooglePay,Payment,"Base payment authorization for this connector + PM + PMT combination",POST /payments,not_covered
finix,Wallet,GooglePay,Mandate,"Recurring/stored credential mandate setup for this connector + PM + PMT combination","POST /payments (setup_future_usage+mandate_data)",not_covered
fiserv,Card,Credit,Payment,"Base payment authorization for this connector + PM + PMT combination",POST /payments,covered
fiserv,Card,Debit,Payment,"Base payment authorization for this connector + PM + PMT combination",POST /payments,covered
fiserv,Wallet,ApplePay,Payment,"Base payment authorization for this connector + PM + PMT combination",POST /payments,not_covered
fiserv,Wallet,GooglePay,Payment,"Base payment authorization for this connector + PM + PMT combination",POST /payments,not_covered
fiserv,Wallet,Paypal,Payment,"Base payment authorization for this connector + PM + PMT combination",POST /payments,not_covered
fiservcommercehub,Card,Credit,Payment,"Base payment authorization for this connector + PM + PMT combination",POST /payments,no_cypress_config
fiservcommercehub,Card,Debit,Payment,"Base payment authorization for this connector + PM + PMT combination",POST /payments,no_cypress_config
fiservemea,Card,Credit,Payment,"Base payment authorization for this connector + PM + PMT combination",POST /payments,covered
fiservemea,Card,Debit,Payment,"Base payment authorization for this connector + PM + PMT combination",POST /payments,covered
fiuu,BankRedirect,OnlineBankingFpx,Payment,"Base payment authorization for this connector + PM + PMT combination",POST /payments,covered
fiuu,Card,Credit,Payment,"Base payment authorization for this connector + PM + PMT combination",POST /payments,covered
fiuu,Card,Credit,Mandate,"Recurring/stored credential mandate setup for this connector + PM + PMT combination","POST /payments (setup_future_usage+mandate_data)",covered
fiuu,Card,Debit,Payment,"Base payment authorization for this connector + PM + PMT combination",POST /payments,covered
fiuu,Card,Debit,Mandate,"Recurring/stored credential mandate setup for this connector + PM + PMT combination","POST /payments (setup_future_usage+mandate_data)",covered
fiuu,RealTimePayment,DuitNow,Payment,"Base payment authorization for this connector + PM + PMT combination",POST /payments,not_covered
fiuu,Wallet,ApplePay,Payment,"Base payment authorization for this connector + PM + PMT combination",POST /payments,not_covered
fiuu,Wallet,GooglePay,Payment,"Base payment authorization for this connector + PM + PMT combination",POST /payments,not_covered
flexiti,PayLater,Klarna,Payment,"Base payment authorization for this connector + PM + PMT combination",POST /payments,no_cypress_config
forte,Card,Credit,Payment,"Base payment authorization for this connector + PM + PMT combination",POST /payments,covered
forte,Card,Debit,Payment,"Base payment authorization for this connector + PM + PMT combination",POST /payments,covered
getnet,Card,Credit,Payment,"Base payment authorization for this connector + PM + PMT combination",POST /payments,covered
gigadat,BankRedirect,Interac,Payment,"Base payment authorization for this connector + PM + PMT combination",POST /payments,covered
globalpay,BankRedirect,Eps,Payment,"Base payment authorization for this connector + PM + PMT combination",POST /payments,not_covered
globalpay,BankRedirect,Eps,Mandate,"Recurring/stored credential mandate setup for this connector + PM + PMT combination","POST /payments (setup_future_usage+mandate_data)",not_covered
globalpay,BankRedirect,Giropay,Payment,"Base payment authorization for this connector + PM + PMT combination",POST /payments,not_covered
globalpay,BankRedirect,Giropay,Mandate,"Recurring/stored credential mandate setup for this connector + PM + PMT combination","POST /payments (setup_future_usage+mandate_data)",not_covered
globalpay,BankRedirect,Ideal,Payment,"Base payment authorization for this connector + PM + PMT combination",POST /payments,not_covered
globalpay,BankRedirect,Ideal,Mandate,"Recurring/stored credential mandate setup for this connector + PM + PMT combination","POST /payments (setup_future_usage+mandate_data)",not_covered
globalpay,BankRedirect,Sofort,Payment,"Base payment authorization for this connector + PM + PMT combination",POST /payments,not_covered
globalpay,BankRedirect,Sofort,Mandate,"Recurring/stored credential mandate setup for this connector + PM + PMT combination","POST /payments (setup_future_usage+mandate_data)",not_covered
globalpay,Card,Credit,Payment,"Base payment authorization for this connector + PM + PMT combination",POST /payments,covered
globalpay,Card,Credit,Mandate,"Recurring/stored credential mandate setup for this connector + PM + PMT combination","POST /payments (setup_future_usage+mandate_data)",covered
globalpay,Card,Debit,Payment,"Base payment authorization for this connector + PM + PMT combination",POST /payments,covered
globalpay,Card,Debit,Mandate,"Recurring/stored credential mandate setup for this connector + PM + PMT combination","POST /payments (setup_future_usage+mandate_data)",covered
globalpay,Wallet,GooglePay,Payment,"Base payment authorization for this connector + PM + PMT combination",POST /payments,not_covered
globalpay,Wallet,GooglePay,Mandate,"Recurring/stored credential mandate setup for this connector + PM + PMT combination","POST /payments (setup_future_usage+mandate_data)",not_covered
globalpay,Wallet,Paypal,Payment,"Base payment authorization for this connector + PM + PMT combination",POST /payments,not_covered
globalpay,Wallet,Paypal,Mandate,"Recurring/stored credential mandate setup for this connector + PM + PMT combination","POST /payments (setup_future_usage+mandate_data)",not_covered
globepay,Wallet,AliPay,Payment,"Base payment authorization for this connector + PM + PMT combination",POST /payments,no_cypress_config
globepay,Wallet,WeChatPay,Payment,"Base payment authorization for this connector + PM + PMT combination",POST /payments,no_cypress_config
gocardless,BankDebit,Ach,Payment,"Base payment authorization for this connector + PM + PMT combination",POST /payments,no_cypress_config
gocardless,BankDebit,Ach,Mandate,"Recurring/stored credential mandate setup for this connector + PM + PMT combination","POST /payments (setup_future_usage+mandate_data)",no_cypress_config
gocardless,BankDebit,Becs,Payment,"Base payment authorization for this connector + PM + PMT combination",POST /payments,no_cypress_config
gocardless,BankDebit,Becs,Mandate,"Recurring/stored credential mandate setup for this connector + PM + PMT combination","POST /payments (setup_future_usage+mandate_data)",no_cypress_config
gocardless,BankDebit,Sepa,Payment,"Base payment authorization for this connector + PM + PMT combination",POST /payments,no_cypress_config
gocardless,BankDebit,Sepa,Mandate,"Recurring/stored credential mandate setup for this connector + PM + PMT combination","POST /payments (setup_future_usage+mandate_data)",no_cypress_config
helcim,Card,Credit,Payment,"Base payment authorization for this connector + PM + PMT combination",POST /payments,no_cypress_config
helcim,Card,Credit,Mandate,"Recurring/stored credential mandate setup for this connector + PM + PMT combination","POST /payments (setup_future_usage+mandate_data)",no_cypress_config
helcim,Card,Debit,Payment,"Base payment authorization for this connector + PM + PMT combination",POST /payments,no_cypress_config
helcim,Card,Debit,Mandate,"Recurring/stored credential mandate setup for this connector + PM + PMT combination","POST /payments (setup_future_usage+mandate_data)",no_cypress_config
hipay,Card,Credit,Payment,"Base payment authorization for this connector + PM + PMT combination",POST /payments,covered
hipay,Card,Debit,Payment,"Base payment authorization for this connector + PM + PMT combination",POST /payments,covered
hyperpg,Card,Credit,Payment,"Base payment authorization for this connector + PM + PMT combination",POST /payments,no_cypress_config
hyperpg,Card,Credit,Mandate,"Recurring/stored credential mandate setup for this connector + PM + PMT combination","POST /payments (setup_future_usage+mandate_data)",no_cypress_config
hyperpg,Card,Debit,Payment,"Base payment authorization for this connector + PM + PMT combination",POST /payments,no_cypress_config
hyperpg,Card,Debit,Mandate,"Recurring/stored credential mandate setup for this connector + PM + PMT combination","POST /payments (setup_future_usage+mandate_data)",no_cypress_config
iatapay,BankRedirect,Ideal,Payment,"Base payment authorization for this connector + PM + PMT combination",POST /payments,covered
iatapay,BankRedirect,LocalBankRedirect,Payment,"Base payment authorization for this connector + PM + PMT combination",POST /payments,covered
iatapay,RealTimePayment,DuitNow,Payment,"Base payment authorization for this connector + PM + PMT combination",POST /payments,not_covered
iatapay,RealTimePayment,Fps,Payment,"Base payment authorization for this connector + PM + PMT combination",POST /payments,not_covered
iatapay,RealTimePayment,PromptPay,Payment,"Base payment authorization for this connector + PM + PMT combination",POST /payments,not_covered
iatapay,RealTimePayment,VietQr,Payment,"Base payment authorization for this connector + PM + PMT combination",POST /payments,not_covered
iatapay,Upi,UpiCollect,Payment,"Base payment authorization for this connector + PM + PMT combination",POST /payments,covered
iatapay,Upi,UpiIntent,Payment,"Base payment authorization for this connector + PM + PMT combination",POST /payments,covered
imerchantsolutions,Card,Credit,Payment,"Base payment authorization for this connector + PM + PMT combination",POST /payments,no_cypress_config
imerchantsolutions,Card,Debit,Payment,"Base payment authorization for this connector + PM + PMT combination",POST /payments,no_cypress_config
inespay,BankDebit,Sepa,Payment,"Base payment authorization for this connector + PM + PMT combination",POST /payments,no_cypress_config
itaubank,BankTransfer,Pix,Payment,"Base payment authorization for this connector + PM + PMT combination",POST /payments,covered
jpmorgan,Card,Credit,Payment,"Base payment authorization for this connector + PM + PMT combination",POST /payments,covered
jpmorgan,Card,Debit,Payment,"Base payment authorization for this connector + PM + PMT combination",POST /payments,covered
klarna,PayLater,Klarna,Payment,"Base payment authorization for this connector + PM + PMT combination",POST /payments,no_cypress_config
loonio,BankRedirect,Interac,Payment,"Base payment authorization for this connector + PM + PMT combination",POST /payments,covered
mifinity,Wallet,Mifinity,Payment,"Base payment authorization for this connector + PM + PMT combination",POST /payments,no_cypress_config
mollie,BankDebit,Sepa,Payment,"Base payment authorization for this connector + PM + PMT combination",POST /payments,not_covered
mollie,BankRedirect,BancontactCard,Payment,"Base payment authorization for this connector + PM + PMT combination",POST /payments,covered
mollie,BankRedirect,Eps,Payment,"Base payment authorization for this connector + PM + PMT combination",POST /payments,covered
mollie,BankRedirect,Giropay,Payment,"Base payment authorization for this connector + PM + PMT combination",POST /payments,covered
mollie,BankRedirect,Ideal,Payment,"Base payment authorization for this connector + PM + PMT combination",POST /payments,covered
mollie,BankRedirect,Przelewy24,Payment,"Base payment authorization for this connector + PM + PMT combination",POST /payments,covered
mollie,BankRedirect,Sofort,Payment,"Base payment authorization for this connector + PM + PMT combination",POST /payments,covered
mollie,Card,Credit,Payment,"Base payment authorization for this connector + PM + PMT combination",POST /payments,covered
mollie,Card,Credit,Mandate,"Recurring/stored credential mandate setup for this connector + PM + PMT combination","POST /payments (setup_future_usage+mandate_data)",covered
mollie,Card,Debit,Payment,"Base payment authorization for this connector + PM + PMT combination",POST /payments,covered
mollie,Card,Debit,Mandate,"Recurring/stored credential mandate setup for this connector + PM + PMT combination","POST /payments (setup_future_usage+mandate_data)",covered
mollie,PayLater,Klarna,Payment,"Base payment authorization for this connector + PM + PMT combination",POST /payments,not_covered
mollie,Wallet,ApplePay,Payment,"Base payment authorization for this connector + PM + PMT combination",POST /payments,not_covered
mollie,Wallet,Paypal,Payment,"Base payment authorization for this connector + PM + PMT combination",POST /payments,not_covered
moneris,Card,Credit,Payment,"Base payment authorization for this connector + PM + PMT combination",POST /payments,covered
moneris,Card,Credit,Mandate,"Recurring/stored credential mandate setup for this connector + PM + PMT combination","POST /payments (setup_future_usage+mandate_data)",covered
moneris,Card,Debit,Payment,"Base payment authorization for this connector + PM + PMT combination",POST /payments,covered
moneris,Card,Debit,Mandate,"Recurring/stored credential mandate setup for this connector + PM + PMT combination","POST /payments (setup_future_usage+mandate_data)",covered
multisafepay,BankRedirect,Eps,Payment,"Base payment authorization for this connector + PM + PMT combination",POST /payments,covered
multisafepay,BankRedirect,Giropay,Payment,"Base payment authorization for this connector + PM + PMT combination",POST /payments,covered
multisafepay,BankRedirect,Ideal,Payment,"Base payment authorization for this connector + PM + PMT combination",POST /payments,covered
multisafepay,BankRedirect,Sofort,Payment,"Base payment authorization for this connector + PM + PMT combination",POST /payments,covered
multisafepay,BankRedirect,Trustly,Payment,"Base payment authorization for this connector + PM + PMT combination",POST /payments,covered
multisafepay,Card,Credit,Payment,"Base payment authorization for this connector + PM + PMT combination",POST /payments,covered
multisafepay,Card,Credit,Mandate,"Recurring/stored credential mandate setup for this connector + PM + PMT combination","POST /payments (setup_future_usage+mandate_data)",covered
multisafepay,Card,Debit,Payment,"Base payment authorization for this connector + PM + PMT combination",POST /payments,covered
multisafepay,Card,Debit,Mandate,"Recurring/stored credential mandate setup for this connector + PM + PMT combination","POST /payments (setup_future_usage+mandate_data)",covered
multisafepay,PayLater,Klarna,Payment,"Base payment authorization for this connector + PM + PMT combination",POST /payments,not_covered
multisafepay,Wallet,AliPay,Payment,"Base payment authorization for this connector + PM + PMT combination",POST /payments,not_covered
multisafepay,Wallet,GooglePay,Payment,"Base payment authorization for this connector + PM + PMT combination",POST /payments,not_covered
multisafepay,Wallet,GooglePay,Mandate,"Recurring/stored credential mandate setup for this connector + PM + PMT combination","POST /payments (setup_future_usage+mandate_data)",not_covered
multisafepay,Wallet,MbWay,Payment,"Base payment authorization for this connector + PM + PMT combination",POST /payments,not_covered
multisafepay,Wallet,Paypal,Payment,"Base payment authorization for this connector + PM + PMT combination",POST /payments,not_covered
multisafepay,Wallet,WeChatPay,Payment,"Base payment authorization for this connector + PM + PMT combination",POST /payments,not_covered
nexinets,BankRedirect,Eps,Payment,"Base payment authorization for this connector + PM + PMT combination",POST /payments,covered
nexinets,BankRedirect,Giropay,Payment,"Base payment authorization for this connector + PM + PMT combination",POST /payments,covered
nexinets,BankRedirect,Ideal,Payment,"Base payment authorization for this connector + PM + PMT combination",POST /payments,covered
nexinets,BankRedirect,Sofort,Payment,"Base payment authorization for this connector + PM + PMT combination",POST /payments,covered
nexinets,Card,Credit,Payment,"Base payment authorization for this connector + PM + PMT combination",POST /payments,covered
nexinets,Card,Credit,Mandate,"Recurring/stored credential mandate setup for this connector + PM + PMT combination","POST /payments (setup_future_usage+mandate_data)",covered
nexinets,Card,Debit,Payment,"Base payment authorization for this connector + PM + PMT combination",POST /payments,covered
nexinets,Card,Debit,Mandate,"Recurring/stored credential mandate setup for this connector + PM + PMT combination","POST /payments (setup_future_usage+mandate_data)",covered
nexinets,Wallet,ApplePay,Payment,"Base payment authorization for this connector + PM + PMT combination",POST /payments,not_covered
nexinets,Wallet,Paypal,Payment,"Base payment authorization for this connector + PM + PMT combination",POST /payments,not_covered
nexixpay,Card,Credit,Payment,"Base payment authorization for this connector + PM + PMT combination",POST /payments,covered
nexixpay,Card,Credit,Mandate,"Recurring/stored credential mandate setup for this connector + PM + PMT combination","POST /payments (setup_future_usage+mandate_data)",covered
nexixpay,Card,Debit,Payment,"Base payment authorization for this connector + PM + PMT combination",POST /payments,covered
nexixpay,Card,Debit,Mandate,"Recurring/stored credential mandate setup for this connector + PM + PMT combination","POST /payments (setup_future_usage+mandate_data)",covered
nmi,Card,Credit,Payment,"Base payment authorization for this connector + PM + PMT combination",POST /payments,covered
nmi,Card,Credit,Mandate,"Recurring/stored credential mandate setup for this connector + PM + PMT combination","POST /payments (setup_future_usage+mandate_data)",covered
nmi,Card,Debit,Payment,"Base payment authorization for this connector + PM + PMT combination",POST /payments,covered
nmi,Card,Debit,Mandate,"Recurring/stored credential mandate setup for this connector + PM + PMT combination","POST /payments (setup_future_usage+mandate_data)",covered
nmi,Wallet,ApplePay,Payment,"Base payment authorization for this connector + PM + PMT combination",POST /payments,not_covered
nmi,Wallet,ApplePay,Mandate,"Recurring/stored credential mandate setup for this connector + PM + PMT combination","POST /payments (setup_future_usage+mandate_data)",not_covered
nmi,Wallet,GooglePay,Payment,"Base payment authorization for this connector + PM + PMT combination",POST /payments,not_covered
nmi,Wallet,GooglePay,Mandate,"Recurring/stored credential mandate setup for this connector + PM + PMT combination","POST /payments (setup_future_usage+mandate_data)",not_covered
noon,Card,Credit,Payment,"Base payment authorization for this connector + PM + PMT combination",POST /payments,covered
noon,Card,Credit,Mandate,"Recurring/stored credential mandate setup for this connector + PM + PMT combination","POST /payments (setup_future_usage+mandate_data)",covered
noon,Card,Debit,Payment,"Base payment authorization for this connector + PM + PMT combination",POST /payments,covered
noon,Card,Debit,Mandate,"Recurring/stored credential mandate setup for this connector + PM + PMT combination","POST /payments (setup_future_usage+mandate_data)",covered
noon,Wallet,ApplePay,Payment,"Base payment authorization for this connector + PM + PMT combination",POST /payments,not_covered
noon,Wallet,ApplePay,Mandate,"Recurring/stored credential mandate setup for this connector + PM + PMT combination","POST /payments (setup_future_usage+mandate_data)",not_covered
noon,Wallet,GooglePay,Payment,"Base payment authorization for this connector + PM + PMT combination",POST /payments,not_covered
noon,Wallet,GooglePay,Mandate,"Recurring/stored credential mandate setup for this connector + PM + PMT combination","POST /payments (setup_future_usage+mandate_data)",not_covered
noon,Wallet,Paypal,Payment,"Base payment authorization for this connector + PM + PMT combination",POST /payments,not_covered
novalnet,BankDebit,Sepa,Payment,"Base payment authorization for this connector + PM + PMT combination",POST /payments,covered
novalnet,BankDebit,Sepa,Mandate,"Recurring/stored credential mandate setup for this connector + PM + PMT combination","POST /payments (setup_future_usage+mandate_data)",not_covered
novalnet,BankDebit,SepaGuarenteedDebit,Payment,"Base payment authorization for this connector + PM + PMT combination",POST /payments,covered
novalnet,BankDebit,SepaGuarenteedDebit,Mandate,"Recurring/stored credential mandate setup for this connector + PM + PMT combination","POST /payments (setup_future_usage+mandate_data)",not_covered
novalnet,Card,Credit,Payment,"Base payment authorization for this connector + PM + PMT combination",POST /payments,covered
novalnet,Card,Credit,Mandate,"Recurring/stored credential mandate setup for this connector + PM + PMT combination","POST /payments (setup_future_usage+mandate_data)",covered
novalnet,Card,Debit,Payment,"Base payment authorization for this connector + PM + PMT combination",POST /payments,covered
novalnet,Card,Debit,Mandate,"Recurring/stored credential mandate setup for this connector + PM + PMT combination","POST /payments (setup_future_usage+mandate_data)",covered
novalnet,Wallet,ApplePay,Payment,"Base payment authorization for this connector + PM + PMT combination",POST /payments,not_covered
novalnet,Wallet,ApplePay,Mandate,"Recurring/stored credential mandate setup for this connector + PM + PMT combination","POST /payments (setup_future_usage+mandate_data)",not_covered
novalnet,Wallet,GooglePay,Payment,"Base payment authorization for this connector + PM + PMT combination",POST /payments,not_covered
novalnet,Wallet,GooglePay,Mandate,"Recurring/stored credential mandate setup for this connector + PM + PMT combination","POST /payments (setup_future_usage+mandate_data)",not_covered
novalnet,Wallet,Paypal,Payment,"Base payment authorization for this connector + PM + PMT combination",POST /payments,not_covered
novalnet,Wallet,Paypal,Mandate,"Recurring/stored credential mandate setup for this connector + PM + PMT combination","POST /payments (setup_future_usage+mandate_data)",not_covered
nuvei,BankRedirect,Eps,Payment,"Base payment authorization for this connector + PM + PMT combination",POST /payments,covered
nuvei,BankRedirect,Giropay,Payment,"Base payment authorization for this connector + PM + PMT combination",POST /payments,covered
nuvei,BankRedirect,Ideal,Payment,"Base payment authorization for this connector + PM + PMT combination",POST /payments,covered
nuvei,BankRedirect,Sofort,Payment,"Base payment authorization for this connector + PM + PMT combination",POST /payments,covered
nuvei,Card,Credit,Payment,"Base payment authorization for this connector + PM + PMT combination",POST /payments,covered
nuvei,Card,Credit,Mandate,"Recurring/stored credential mandate setup for this connector + PM + PMT combination","POST /payments (setup_future_usage+mandate_data)",covered
nuvei,Card,Debit,Payment,"Base payment authorization for this connector + PM + PMT combination",POST /payments,covered
nuvei,Card,Debit,Mandate,"Recurring/stored credential mandate setup for this connector + PM + PMT combination","POST /payments (setup_future_usage+mandate_data)",covered
nuvei,NetworkToken,NetworkToken,Payment,"Base payment authorization for this connector + PM + PMT combination",POST /payments,covered
nuvei,PayLater,AfterpayClearpay,Payment,"Base payment authorization for this connector + PM + PMT combination",POST /payments,not_covered
nuvei,PayLater,Klarna,Payment,"Base payment authorization for this connector + PM + PMT combination",POST /payments,not_covered
nuvei,Wallet,ApplePay,Payment,"Base payment authorization for this connector + PM + PMT combination",POST /payments,not_covered
nuvei,Wallet,ApplePay,Mandate,"Recurring/stored credential mandate setup for this connector + PM + PMT combination","POST /payments (setup_future_usage+mandate_data)",not_covered
nuvei,Wallet,GooglePay,Payment,"Base payment authorization for this connector + PM + PMT combination",POST /payments,not_covered
nuvei,Wallet,GooglePay,Mandate,"Recurring/stored credential mandate setup for this connector + PM + PMT combination","POST /payments (setup_future_usage+mandate_data)",not_covered
nuvei,Wallet,Paypal,Payment,"Base payment authorization for this connector + PM + PMT combination",POST /payments,not_covered
opennode,Crypto,CryptoCurrency,Payment,"Base payment authorization for this connector + PM + PMT combination",POST /payments,no_cypress_config
paybox,Card,Credit,Payment,"Base payment authorization for this connector + PM + PMT combination",POST /payments,covered
paybox,Card,Credit,Mandate,"Recurring/stored credential mandate setup for this connector + PM + PMT combination","POST /payments (setup_future_usage+mandate_data)",covered
paybox,Card,Debit,Payment,"Base payment authorization for this connector + PM + PMT combination",POST /payments,covered
paybox,Card,Debit,Mandate,"Recurring/stored credential mandate setup for this connector + PM + PMT combination","POST /payments (setup_future_usage+mandate_data)",covered
payeezy,Card,Credit,Payment,"Base payment authorization for this connector + PM + PMT combination",POST /payments,no_cypress_config
payeezy,Card,Credit,Mandate,"Recurring/stored credential mandate setup for this connector + PM + PMT combination","POST /payments (setup_future_usage+mandate_data)",no_cypress_config
payjustnow,PayLater,Payjustnow,Payment,"Base payment authorization for this connector + PM + PMT combination",POST /payments,no_cypress_config
payjustnowinstore,PayLater,Payjustnow,Payment,"Base payment authorization for this connector + PM + PMT combination",POST /payments,no_cypress_config
payload,BankDebit,Ach,Payment,"Base payment authorization for this connector + PM + PMT combination",POST /payments,not_covered
payload,BankDebit,Ach,Mandate,"Recurring/stored credential mandate setup for this connector + PM + PMT combination","POST /payments (setup_future_usage+mandate_data)",not_covered
payload,Card,Credit,Payment,"Base payment authorization for this connector + PM + PMT combination",POST /payments,covered
payload,Card,Credit,Mandate,"Recurring/stored credential mandate setup for this connector + PM + PMT combination","POST /payments (setup_future_usage+mandate_data)",covered
payload,Card,Debit,Payment,"Base payment authorization for this connector + PM + PMT combination",POST /payments,covered
payload,Card,Debit,Mandate,"Recurring/stored credential mandate setup for this connector + PM + PMT combination","POST /payments (setup_future_usage+mandate_data)",covered
payme,Card,Credit,Payment,"Base payment authorization for this connector + PM + PMT combination",POST /payments,no_cypress_config
payme,Card,Credit,Mandate,"Recurring/stored credential mandate setup for this connector + PM + PMT combination","POST /payments (setup_future_usage+mandate_data)",no_cypress_config
payme,Card,Debit,Payment,"Base payment authorization for this connector + PM + PMT combination",POST /payments,no_cypress_config
payme,Card,Debit,Mandate,"Recurring/stored credential mandate setup for this connector + PM + PMT combination","POST /payments (setup_future_usage+mandate_data)",no_cypress_config
payme,Wallet,ApplePay,Payment,"Base payment authorization for this connector + PM + PMT combination",POST /payments,no_cypress_config
payme,Wallet,ApplePay,Mandate,"Recurring/stored credential mandate setup for this connector + PM + PMT combination","POST /payments (setup_future_usage+mandate_data)",no_cypress_config
paypal,BankRedirect,Eps,Payment,"Base payment authorization for this connector + PM + PMT combination",POST /payments,covered
paypal,BankRedirect,Giropay,Payment,"Base payment authorization for this connector + PM + PMT combination",POST /payments,covered
paypal,BankRedirect,Ideal,Payment,"Base payment authorization for this connector + PM + PMT combination",POST /payments,covered
paypal,BankRedirect,Sofort,Payment,"Base payment authorization for this connector + PM + PMT combination",POST /payments,covered
paypal,Card,Credit,Payment,"Base payment authorization for this connector + PM + PMT combination",POST /payments,covered
paypal,Card,Credit,Mandate,"Recurring/stored credential mandate setup for this connector + PM + PMT combination","POST /payments (setup_future_usage+mandate_data)",covered
paypal,Card,Debit,Payment,"Base payment authorization for this connector + PM + PMT combination",POST /payments,covered
paypal,Card,Debit,Mandate,"Recurring/stored credential mandate setup for this connector + PM + PMT combination","POST /payments (setup_future_usage+mandate_data)",covered
paypal,Wallet,Paypal,Payment,"Base payment authorization for this connector + PM + PMT combination",POST /payments,not_covered
paypal,Wallet,Paypal,Mandate,"Recurring/stored credential mandate setup for this connector + PM + PMT combination","POST /payments (setup_future_usage+mandate_data)",not_covered
paysafe,BankRedirect,Interac,Payment,"Base payment authorization for this connector + PM + PMT combination",POST /payments,not_covered
paysafe,Card,Credit,Payment,"Base payment authorization for this connector + PM + PMT combination",POST /payments,covered
paysafe,Card,Credit,Mandate,"Recurring/stored credential mandate setup for this connector + PM + PMT combination","POST /payments (setup_future_usage+mandate_data)",covered
paysafe,Card,Debit,Payment,"Base payment authorization for this connector + PM + PMT combination",POST /payments,covered
paysafe,Card,Debit,Mandate,"Recurring/stored credential mandate setup for this connector + PM + PMT combination","POST /payments (setup_future_usage+mandate_data)",covered
paysafe,GiftCard,PaySafeCard,Payment,"Base payment authorization for this connector + PM + PMT combination",POST /payments,not_covered
paysafe,Wallet,ApplePay,Payment,"Base payment authorization for this connector + PM + PMT combination",POST /payments,not_covered
paysafe,Wallet,Skrill,Payment,"Base payment authorization for this connector + PM + PMT combination",POST /payments,not_covered
paystack,BankRedirect,Eft,Payment,"Base payment authorization for this connector + PM + PMT combination",POST /payments,no_cypress_config
paytm,Upi,UpiCollect,Payment,"Base payment authorization for this connector + PM + PMT combination",POST /payments,no_cypress_config
paytm,Upi,UpiIntent,Payment,"Base payment authorization for this connector + PM + PMT combination",POST /payments,no_cypress_config
payu,Card,Credit,Payment,"Base payment authorization for this connector + PM + PMT combination",POST /payments,covered
payu,Card,Debit,Payment,"Base payment authorization for this connector + PM + PMT combination",POST /payments,covered
payu,Wallet,ApplePay,Payment,"Base payment authorization for this connector + PM + PMT combination",POST /payments,not_covered
payu,Wallet,GooglePay,Payment,"Base payment authorization for this connector + PM + PMT combination",POST /payments,not_covered
peachpayments,Card,Credit,Payment,"Base payment authorization for this connector + PM + PMT combination",POST /payments,covered
peachpayments,Card,Debit,Payment,"Base payment authorization for this connector + PM + PMT combination",POST /payments,covered
peachpayments,NetworkToken,NetworkToken,Payment,"Base payment authorization for this connector + PM + PMT combination",POST /payments,covered
phonepe,Upi,UpiCollect,Payment,"Base payment authorization for this connector + PM + PMT combination",POST /payments,no_cypress_config
phonepe,Upi,UpiIntent,Payment,"Base payment authorization for this connector + PM + PMT combination",POST /payments,no_cypress_config
placetopay,Card,Credit,Payment,"Base payment authorization for this connector + PM + PMT combination",POST /payments,no_cypress_config
placetopay,Card,Debit,Payment,"Base payment authorization for this connector + PM + PMT combination",POST /payments,no_cypress_config
plaid,OpenBanking,OpenBankingPIS,Payment,"Base payment authorization for this connector + PM + PMT combination",POST /payments,no_cypress_config
powertranz,Card,Credit,Payment,"Base payment authorization for this connector + PM + PMT combination",POST /payments,covered
powertranz,Card,Debit,Payment,"Base payment authorization for this connector + PM + PMT combination",POST /payments,covered
prophetpay,CardRedirect,CardRedirect,Payment,"Base payment authorization for this connector + PM + PMT combination",POST /payments,no_cypress_config
rapyd,Card,Credit,Payment,"Base payment authorization for this connector + PM + PMT combination",POST /payments,no_cypress_config
rapyd,Card,Debit,Payment,"Base payment authorization for this connector + PM + PMT combination",POST /payments,no_cypress_config
rapyd,Wallet,ApplePay,Payment,"Base payment authorization for this connector + PM + PMT combination",POST /payments,no_cypress_config
rapyd,Wallet,GooglePay,Payment,"Base payment authorization for this connector + PM + PMT combination",POST /payments,no_cypress_config
razorpay,Upi,UpiCollect,Payment,"Base payment authorization for this connector + PM + PMT combination",POST /payments,no_cypress_config
redsys,Card,Credit,Payment,"Base payment authorization for this connector + PM + PMT combination",POST /payments,covered
redsys,Card,Debit,Payment,"Base payment authorization for this connector + PM + PMT combination",POST /payments,covered
revolv3,Card,Credit,Payment,"Base payment authorization for this connector + PM + PMT combination",POST /payments,no_cypress_config
revolv3,Card,Credit,Mandate,"Recurring/stored credential mandate setup for this connector + PM + PMT combination","POST /payments (setup_future_usage+mandate_data)",no_cypress_config
revolv3,Card,Debit,Payment,"Base payment authorization for this connector + PM + PMT combination",POST /payments,no_cypress_config
revolv3,Card,Debit,Mandate,"Recurring/stored credential mandate setup for this connector + PM + PMT combination","POST /payments (setup_future_usage+mandate_data)",no_cypress_config
santander,BankTransfer,Pix,Payment,"Base payment authorization for this connector + PM + PMT combination",POST /payments,no_cypress_config
santander,BankTransfer,PixAutomaticoPush,Payment,"Base payment authorization for this connector + PM + PMT combination",POST /payments,no_cypress_config
santander,BankTransfer,PixAutomaticoPush,Mandate,"Recurring/stored credential mandate setup for this connector + PM + PMT combination","POST /payments (setup_future_usage+mandate_data)",no_cypress_config
santander,BankTransfer,PixAutomaticoQr,Payment,"Base payment authorization for this connector + PM + PMT combination",POST /payments,no_cypress_config
santander,BankTransfer,PixAutomaticoQr,Mandate,"Recurring/stored credential mandate setup for this connector + PM + PMT combination","POST /payments (setup_future_usage+mandate_data)",no_cypress_config
santander,Voucher,Boleto,Payment,"Base payment authorization for this connector + PM + PMT combination",POST /payments,no_cypress_config
shift4,BankRedirect,Eps,Payment,"Base payment authorization for this connector + PM + PMT combination",POST /payments,covered
shift4,BankRedirect,Giropay,Payment,"Base payment authorization for this connector + PM + PMT combination",POST /payments,covered
shift4,BankRedirect,Ideal,Payment,"Base payment authorization for this connector + PM + PMT combination",POST /payments,covered
shift4,BankRedirect,Sofort,Payment,"Base payment authorization for this connector + PM + PMT combination",POST /payments,covered
shift4,Card,Credit,Payment,"Base payment authorization for this connector + PM + PMT combination",POST /payments,covered
shift4,Card,Debit,Payment,"Base payment authorization for this connector + PM + PMT combination",POST /payments,covered
silverflow,Card,Credit,Payment,"Base payment authorization for this connector + PM + PMT combination",POST /payments,covered
silverflow,Card,Debit,Payment,"Base payment authorization for this connector + PM + PMT combination",POST /payments,covered
square,Card,Credit,Payment,"Base payment authorization for this connector + PM + PMT combination",POST /payments,covered
square,Card,Debit,Payment,"Base payment authorization for this connector + PM + PMT combination",POST /payments,covered
stax,BankDebit,Ach,Payment,"Base payment authorization for this connector + PM + PMT combination",POST /payments,not_covered
stax,Card,Credit,Payment,"Base payment authorization for this connector + PM + PMT combination",POST /payments,covered
stax,Card,Debit,Payment,"Base payment authorization for this connector + PM + PMT combination",POST /payments,covered
stripe,BankDebit,Ach,Payment,"Base payment authorization for this connector + PM + PMT combination",POST /payments,not_covered
stripe,BankDebit,Ach,Mandate,"Recurring/stored credential mandate setup for this connector + PM + PMT combination","POST /payments (setup_future_usage+mandate_data)",not_covered
stripe,BankDebit,Bacs,Payment,"Base payment authorization for this connector + PM + PMT combination",POST /payments,not_covered
stripe,BankDebit,Bacs,Mandate,"Recurring/stored credential mandate setup for this connector + PM + PMT combination","POST /payments (setup_future_usage+mandate_data)",not_covered
stripe,BankDebit,Becs,Payment,"Base payment authorization for this connector + PM + PMT combination",POST /payments,not_covered
stripe,BankDebit,Becs,Mandate,"Recurring/stored credential mandate setup for this connector + PM + PMT combination","POST /payments (setup_future_usage+mandate_data)",not_covered
stripe,BankDebit,Sepa,Payment,"Base payment authorization for this connector + PM + PMT combination",POST /payments,not_covered
stripe,BankDebit,Sepa,Mandate,"Recurring/stored credential mandate setup for this connector + PM + PMT combination","POST /payments (setup_future_usage+mandate_data)",not_covered
stripe,BankRedirect,BancontactCard,Payment,"Base payment authorization for this connector + PM + PMT combination",POST /payments,covered
stripe,BankRedirect,BancontactCard,Mandate,"Recurring/stored credential mandate setup for this connector + PM + PMT combination","POST /payments (setup_future_usage+mandate_data)",not_covered
stripe,BankRedirect,Blik,Payment,"Base payment authorization for this connector + PM + PMT combination",POST /payments,covered
stripe,BankRedirect,Eps,Payment,"Base payment authorization for this connector + PM + PMT combination",POST /payments,covered
stripe,BankRedirect,Giropay,Payment,"Base payment authorization for this connector + PM + PMT combination",POST /payments,covered
stripe,BankRedirect,Ideal,Payment,"Base payment authorization for this connector + PM + PMT combination",POST /payments,covered
stripe,BankRedirect,Ideal,Mandate,"Recurring/stored credential mandate setup for this connector + PM + PMT combination","POST /payments (setup_future_usage+mandate_data)",not_covered
stripe,BankRedirect,OnlineBankingFpx,Payment,"Base payment authorization for this connector + PM + PMT combination",POST /payments,covered
stripe,BankRedirect,Przelewy24,Payment,"Base payment authorization for this connector + PM + PMT combination",POST /payments,covered
stripe,BankRedirect,Sofort,Payment,"Base payment authorization for this connector + PM + PMT combination",POST /payments,covered
stripe,BankRedirect,Sofort,Mandate,"Recurring/stored credential mandate setup for this connector + PM + PMT combination","POST /payments (setup_future_usage+mandate_data)",not_covered
stripe,BankTransfer,Ach,Payment,"Base payment authorization for this connector + PM + PMT combination",POST /payments,covered
stripe,BankTransfer,Bacs,Payment,"Base payment authorization for this connector + PM + PMT combination",POST /payments,covered
stripe,BankTransfer,Multibanco,Payment,"Base payment authorization for this connector + PM + PMT combination",POST /payments,covered
stripe,BankTransfer,SepaBankTransfer,Payment,"Base payment authorization for this connector + PM + PMT combination",POST /payments,covered
stripe,Card,Credit,Payment,"Base payment authorization for this connector + PM + PMT combination",POST /payments,covered
stripe,Card,Credit,Mandate,"Recurring/stored credential mandate setup for this connector + PM + PMT combination","POST /payments (setup_future_usage+mandate_data)",covered
stripe,Card,Debit,Payment,"Base payment authorization for this connector + PM + PMT combination",POST /payments,covered
stripe,Card,Debit,Mandate,"Recurring/stored credential mandate setup for this connector + PM + PMT combination","POST /payments (setup_future_usage+mandate_data)",covered
stripe,PayLater,Affirm,Payment,"Base payment authorization for this connector + PM + PMT combination",POST /payments,not_covered
stripe,PayLater,AfterpayClearpay,Payment,"Base payment authorization for this connector + PM + PMT combination",POST /payments,not_covered
stripe,PayLater,Klarna,Payment,"Base payment authorization for this connector + PM + PMT combination",POST /payments,not_covered
stripe,Wallet,AliPay,Payment,"Base payment authorization for this connector + PM + PMT combination",POST /payments,not_covered
stripe,Wallet,AmazonPay,Payment,"Base payment authorization for this connector + PM + PMT combination",POST /payments,not_covered
stripe,Wallet,AmazonPay,Mandate,"Recurring/stored credential mandate setup for this connector + PM + PMT combination","POST /payments (setup_future_usage+mandate_data)",not_covered
stripe,Wallet,ApplePay,Payment,"Base payment authorization for this connector + PM + PMT combination",POST /payments,not_covered
stripe,Wallet,ApplePay,Mandate,"Recurring/stored credential mandate setup for this connector + PM + PMT combination","POST /payments (setup_future_usage+mandate_data)",not_covered
stripe,Wallet,Cashapp,Payment,"Base payment authorization for this connector + PM + PMT combination",POST /payments,not_covered
stripe,Wallet,Cashapp,Mandate,"Recurring/stored credential mandate setup for this connector + PM + PMT combination","POST /payments (setup_future_usage+mandate_data)",not_covered
stripe,Wallet,GooglePay,Payment,"Base payment authorization for this connector + PM + PMT combination",POST /payments,not_covered
stripe,Wallet,GooglePay,Mandate,"Recurring/stored credential mandate setup for this connector + PM + PMT combination","POST /payments (setup_future_usage+mandate_data)",not_covered
stripe,Wallet,RevolutPay,Payment,"Base payment authorization for this connector + PM + PMT combination",POST /payments,not_covered
stripe,Wallet,RevolutPay,Mandate,"Recurring/stored credential mandate setup for this connector + PM + PMT combination","POST /payments (setup_future_usage+mandate_data)",not_covered
stripe,Wallet,WeChatPay,Payment,"Base payment authorization for this connector + PM + PMT combination",POST /payments,not_covered
tesouro,Card,Credit,Payment,"Base payment authorization for this connector + PM + PMT combination",POST /payments,covered
tesouro,Card,Credit,Mandate,"Recurring/stored credential mandate setup for this connector + PM + PMT combination","POST /payments (setup_future_usage+mandate_data)",covered
tesouro,Card,Debit,Payment,"Base payment authorization for this connector + PM + PMT combination",POST /payments,covered
tesouro,Card,Debit,Mandate,"Recurring/stored credential mandate setup for this connector + PM + PMT combination","POST /payments (setup_future_usage+mandate_data)",covered
tesouro,Wallet,ApplePay,Payment,"Base payment authorization for this connector + PM + PMT combination",POST /payments,not_covered
tesouro,Wallet,ApplePay,Mandate,"Recurring/stored credential mandate setup for this connector + PM + PMT combination","POST /payments (setup_future_usage+mandate_data)",not_covered
tesouro,Wallet,GooglePay,Payment,"Base payment authorization for this connector + PM + PMT combination",POST /payments,not_covered
tesouro,Wallet,GooglePay,Mandate,"Recurring/stored credential mandate setup for this connector + PM + PMT combination","POST /payments (setup_future_usage+mandate_data)",not_covered
tokenio,OpenBanking,OpenBankingPIS,Payment,"Base payment authorization for this connector + PM + PMT combination",POST /payments,no_cypress_config
truelayer,BankRedirect,OpenBanking,Payment,"Base payment authorization for this connector + PM + PMT combination",POST /payments,no_cypress_config
trustly,BankRedirect,Trustly,Payment,"Base payment authorization for this connector + PM + PMT combination",POST /payments,no_cypress_config
trustpay,BankRedirect,Blik,Payment,"Base payment authorization for this connector + PM + PMT combination",POST /payments,covered
trustpay,BankRedirect,Eps,Payment,"Base payment authorization for this connector + PM + PMT combination",POST /payments,covered
trustpay,BankRedirect,Giropay,Payment,"Base payment authorization for this connector + PM + PMT combination",POST /payments,covered
trustpay,BankRedirect,Ideal,Payment,"Base payment authorization for this connector + PM + PMT combination",POST /payments,covered
trustpay,BankRedirect,Sofort,Payment,"Base payment authorization for this connector + PM + PMT combination",POST /payments,covered
trustpay,BankTransfer,InstantBankTransfer,Payment,"Base payment authorization for this connector + PM + PMT combination",POST /payments,covered
trustpay,BankTransfer,InstantBankTransferFinland,Payment,"Base payment authorization for this connector + PM + PMT combination",POST /payments,covered
trustpay,BankTransfer,InstantBankTransferPoland,Payment,"Base payment authorization for this connector + PM + PMT combination",POST /payments,covered
trustpay,BankTransfer,SepaBankTransfer,Payment,"Base payment authorization for this connector + PM + PMT combination",POST /payments,covered
trustpay,Card,Credit,Payment,"Base payment authorization for this connector + PM + PMT combination",POST /payments,covered
trustpay,Card,Debit,Payment,"Base payment authorization for this connector + PM + PMT combination",POST /payments,covered
trustpay,NetworkToken,NetworkToken,Payment,"Base payment authorization for this connector + PM + PMT combination",POST /payments,covered
trustpay,Wallet,ApplePay,Payment,"Base payment authorization for this connector + PM + PMT combination",POST /payments,not_covered
trustpay,Wallet,GooglePay,Payment,"Base payment authorization for this connector + PM + PMT combination",POST /payments,not_covered
trustpayments,Card,Credit,Payment,"Base payment authorization for this connector + PM + PMT combination",POST /payments,covered
trustpayments,Card,Debit,Payment,"Base payment authorization for this connector + PM + PMT combination",POST /payments,covered
tsys,Card,Credit,Payment,"Base payment authorization for this connector + PM + PMT combination",POST /payments,covered
tsys,Card,Debit,Payment,"Base payment authorization for this connector + PM + PMT combination",POST /payments,covered
volt,BankRedirect,OpenBanking,Payment,"Base payment authorization for this connector + PM + PMT combination",POST /payments,covered
volt,BankRedirect,OpenBankingUk,Payment,"Base payment authorization for this connector + PM + PMT combination",POST /payments,covered
wellsfargo,BankDebit,Ach,Payment,"Base payment authorization for this connector + PM + PMT combination",POST /payments,not_covered
wellsfargo,Card,Credit,Payment,"Base payment authorization for this connector + PM + PMT combination",POST /payments,covered
wellsfargo,Card,Credit,Mandate,"Recurring/stored credential mandate setup for this connector + PM + PMT combination","POST /payments (setup_future_usage+mandate_data)",covered
wellsfargo,Card,Debit,Payment,"Base payment authorization for this connector + PM + PMT combination",POST /payments,covered
wellsfargo,Card,Debit,Mandate,"Recurring/stored credential mandate setup for this connector + PM + PMT combination","POST /payments (setup_future_usage+mandate_data)",covered
wellsfargo,Wallet,ApplePay,Payment,"Base payment authorization for this connector + PM + PMT combination",POST /payments,not_covered
wellsfargo,Wallet,ApplePay,Mandate,"Recurring/stored credential mandate setup for this connector + PM + PMT combination","POST /payments (setup_future_usage+mandate_data)",not_covered
wellsfargo,Wallet,GooglePay,Payment,"Base payment authorization for this connector + PM + PMT combination",POST /payments,not_covered
wellsfargo,Wallet,GooglePay,Mandate,"Recurring/stored credential mandate setup for this connector + PM + PMT combination","POST /payments (setup_future_usage+mandate_data)",not_covered
worldline,BankRedirect,Giropay,Payment,"Base payment authorization for this connector + PM + PMT combination",POST /payments,no_cypress_config
worldline,BankRedirect,Ideal,Payment,"Base payment authorization for this connector + PM + PMT combination",POST /payments,no_cypress_config
worldline,Card,Credit,Payment,"Base payment authorization for this connector + PM + PMT combination",POST /payments,no_cypress_config
worldline,Card,Debit,Payment,"Base payment authorization for this connector + PM + PMT combination",POST /payments,no_cypress_config
worldpay,Card,Credit,Payment,"Base payment authorization for this connector + PM + PMT combination",POST /payments,covered
worldpay,Card,Credit,Mandate,"Recurring/stored credential mandate setup for this connector + PM + PMT combination","POST /payments (setup_future_usage+mandate_data)",covered
worldpay,Card,Debit,Payment,"Base payment authorization for this connector + PM + PMT combination",POST /payments,covered
worldpay,Card,Debit,Mandate,"Recurring/stored credential mandate setup for this connector + PM + PMT combination","POST /payments (setup_future_usage+mandate_data)",covered
worldpay,Wallet,ApplePay,Payment,"Base payment authorization for this connector + PM + PMT combination",POST /payments,not_covered
worldpay,Wallet,GooglePay,Payment,"Base payment authorization for this connector + PM + PMT combination",POST /payments,not_covered
worldpaymodular,Wallet,ApplePay,Payment,"Base payment authorization for this connector + PM + PMT combination",POST /payments,no_cypress_config
worldpaymodular,Wallet,ApplePay,Mandate,"Recurring/stored credential mandate setup for this connector + PM + PMT combination","POST /payments (setup_future_usage+mandate_data)",no_cypress_config
worldpaymodular,Wallet,GooglePay,Payment,"Base payment authorization for this connector + PM + PMT combination",POST /payments,no_cypress_config
worldpaymodular,Wallet,GooglePay,Mandate,"Recurring/stored credential mandate setup for this connector + PM + PMT combination","POST /payments (setup_future_usage+mandate_data)",no_cypress_config
worldpayvantiv,Card,Card,Payment,"Base payment authorization for this connector + PM + PMT combination",POST /payments,covered
worldpayvantiv,Card,Card,Mandate,"Recurring/stored credential mandate setup for this connector + PM + PMT combination","POST /payments (setup_future_usage+mandate_data)",covered
worldpayvantiv,Card,Credit,Payment,"Base payment authorization for this connector + PM + PMT combination",POST /payments,covered
worldpayvantiv,Card,Credit,Mandate,"Recurring/stored credential mandate setup for this connector + PM + PMT combination","POST /payments (setup_future_usage+mandate_data)",covered
worldpayvantiv,Card,Debit,Payment,"Base payment authorization for this connector + PM + PMT combination",POST /payments,covered
worldpayvantiv,Card,Debit,Mandate,"Recurring/stored credential mandate setup for this connector + PM + PMT combination","POST /payments (setup_future_usage+mandate_data)",covered
worldpayvantiv,Wallet,ApplePay,Payment,"Base payment authorization for this connector + PM + PMT combination",POST /payments,not_covered
worldpayvantiv,Wallet,ApplePay,Mandate,"Recurring/stored credential mandate setup for this connector + PM + PMT combination","POST /payments (setup_future_usage+mandate_data)",not_covered
worldpayvantiv,Wallet,GooglePay,Payment,"Base payment authorization for this connector + PM + PMT combination",POST /payments,not_covered
worldpayvantiv,Wallet,GooglePay,Mandate,"Recurring/stored credential mandate setup for this connector + PM + PMT combination","POST /payments (setup_future_usage+mandate_data)",not_covered
worldpayxml,Card,Credit,Payment,"Base payment authorization for this connector + PM + PMT combination",POST /payments,covered
worldpayxml,Card,Debit,Payment,"Base payment authorization for this connector + PM + PMT combination",POST /payments,covered
worldpayxml,Wallet,ApplePay,Payment,"Base payment authorization for this connector + PM + PMT combination",POST /payments,not_covered
worldpayxml,Wallet,ApplePay,Mandate,"Recurring/stored credential mandate setup for this connector + PM + PMT combination","POST /payments (setup_future_usage+mandate_data)",not_covered
worldpayxml,Wallet,GooglePay,Payment,"Base payment authorization for this connector + PM + PMT combination",POST /payments,not_covered
worldpayxml,Wallet,GooglePay,Mandate,"Recurring/stored credential mandate setup for this connector + PM + PMT combination","POST /payments (setup_future_usage+mandate_data)",not_covered
xendit,Card,Credit,Payment,"Base payment authorization for this connector + PM + PMT combination",POST /payments,covered
xendit,Card,Credit,Mandate,"Recurring/stored credential mandate setup for this connector + PM + PMT combination","POST /payments (setup_future_usage+mandate_data)",covered
xendit,Card,Debit,Payment,"Base payment authorization for this connector + PM + PMT combination",POST /payments,covered
xendit,Card,Debit,Mandate,"Recurring/stored credential mandate setup for this connector + PM + PMT combination","POST /payments (setup_future_usage+mandate_data)",covered
xendit,RealTimePayment,Qris,Payment,"Base payment authorization for this connector + PM + PMT combination",POST /payments,not_covered
xendit,RealTimePayment,Qris,Mandate,"Recurring/stored credential mandate setup for this connector + PM + PMT combination","POST /payments (setup_future_usage+mandate_data)",not_covered
zen,BankTransfer,Multibanco,Payment,"Base payment authorization for this connector + PM + PMT combination",POST /payments,no_cypress_config
zen,BankTransfer,Pix,Payment,"Base payment authorization for this connector + PM + PMT combination",POST /payments,no_cypress_config
zen,BankTransfer,Pse,Payment,"Base payment authorization for this connector + PM + PMT combination",POST /payments,no_cypress_config
zen,Card,Credit,Payment,"Base payment authorization for this connector + PM + PMT combination",POST /payments,no_cypress_config
zen,Card,Debit,Payment,"Base payment authorization for this connector + PM + PMT combination",POST /payments,no_cypress_config
zen,Voucher,Boleto,Payment,"Base payment authorization for this connector + PM + PMT combination",POST /payments,no_cypress_config
zen,Voucher,Efecty,Payment,"Base payment authorization for this connector + PM + PMT combination",POST /payments,no_cypress_config
zen,Voucher,PagoEfectivo,Payment,"Base payment authorization for this connector + PM + PMT combination",POST /payments,no_cypress_config
zen,Voucher,RedCompra,Payment,"Base payment authorization for this connector + PM + PMT combination",POST /payments,no_cypress_config
zen,Voucher,RedPagos,Payment,"Base payment authorization for this connector + PM + PMT combination",POST /payments,no_cypress_config
zen,Wallet,ApplePay,Payment,"Base payment authorization for this connector + PM + PMT combination",POST /payments,no_cypress_config
zen,Wallet,GooglePay,Payment,"Base payment authorization for this connector + PM + PMT combination",POST /payments,no_cypress_config
zift,Card,Credit,Payment,"Base payment authorization for this connector + PM + PMT combination",POST /payments,covered
zift,Card,Credit,Mandate,"Recurring/stored credential mandate setup for this connector + PM + PMT combination","POST /payments (setup_future_usage+mandate_data)",covered
zift,Card,Debit,Payment,"Base payment authorization for this connector + PM + PMT combination",POST /payments,covered
zift,Card,Debit,Mandate,"Recurring/stored credential mandate setup for this connector + PM + PMT combination","POST /payments (setup_future_usage+mandate_data)",covered
zsl,BankTransfer,LocalBankTransfer,Payment,"Base payment authorization for this connector + PM + PMT combination",POST /payments,no_cypress_config
adyen,Wallet,ApplePay,"Payment (Decrypt Flow)","HS pre-decrypts the wallet token and sends plaintext card data to the connector instead of the encrypted blob","POST /payments (ApplePay pre-decrypted token)",covered
adyen,Wallet,GooglePay,"Payment (Decrypt Flow)","HS pre-decrypts the wallet token and sends plaintext card data to the connector instead of the encrypted blob","POST /payments (GooglePay pre-decrypted token)",covered
adyen,Wallet,Paze,"Payment (Decrypt Flow)","HS pre-decrypts the wallet token and sends plaintext card data to the connector instead of the encrypted blob","POST /payments (Paze pre-decrypted token)",covered
archipel,Wallet,ApplePay,"Payment (Decrypt Flow)","HS pre-decrypts the wallet token and sends plaintext card data to the connector instead of the encrypted blob","POST /payments (ApplePay pre-decrypted token)",not_covered
bankofamerica,Wallet,ApplePay,"Payment (Decrypt Flow)","HS pre-decrypts the wallet token and sends plaintext card data to the connector instead of the encrypted blob","POST /payments (ApplePay pre-decrypted token)",not_covered
bankofamerica,Wallet,GooglePay,"Payment (Decrypt Flow)","HS pre-decrypts the wallet token and sends plaintext card data to the connector instead of the encrypted blob","POST /payments (GooglePay pre-decrypted token)",not_covered
bankofamerica,Wallet,Paze,"Payment (Decrypt Flow)","HS pre-decrypts the wallet token and sends plaintext card data to the connector instead of the encrypted blob","POST /payments (Paze pre-decrypted token)",not_covered
barclaycard,Wallet,ApplePay,"Payment (Decrypt Flow)","HS pre-decrypts the wallet token and sends plaintext card data to the connector instead of the encrypted blob","POST /payments (ApplePay pre-decrypted token)",not_covered
barclaycard,Wallet,GooglePay,"Payment (Decrypt Flow)","HS pre-decrypts the wallet token and sends plaintext card data to the connector instead of the encrypted blob","POST /payments (GooglePay pre-decrypted token)",not_covered
barclaycard,Wallet,Paze,"Payment (Decrypt Flow)","HS pre-decrypts the wallet token and sends plaintext card data to the connector instead of the encrypted blob","POST /payments (Paze pre-decrypted token)",not_covered
braintree,Wallet,ApplePay,"Payment (Decrypt Flow)","HS pre-decrypts the wallet token and sends plaintext card data to the connector instead of the encrypted blob","POST /payments (ApplePay pre-decrypted token)",not_covered
braintree,Wallet,GooglePay,"Payment (Decrypt Flow)","HS pre-decrypts the wallet token and sends plaintext card data to the connector instead of the encrypted blob","POST /payments (GooglePay pre-decrypted token)",not_covered
braintree,Wallet,Paze,"Payment (Decrypt Flow)","HS pre-decrypts the wallet token and sends plaintext card data to the connector instead of the encrypted blob","POST /payments (Paze pre-decrypted token)",not_covered
checkout,Wallet,ApplePay,"Payment (Decrypt Flow)","HS pre-decrypts the wallet token and sends plaintext card data to the connector instead of the encrypted blob","POST /payments (ApplePay pre-decrypted token)",not_covered
checkout,Wallet,GooglePay,"Payment (Decrypt Flow)","HS pre-decrypts the wallet token and sends plaintext card data to the connector instead of the encrypted blob","POST /payments (GooglePay pre-decrypted token)",not_covered
checkout,Wallet,Paze,"Payment (Decrypt Flow)","HS pre-decrypts the wallet token and sends plaintext card data to the connector instead of the encrypted blob","POST /payments (Paze pre-decrypted token)",not_covered
cybersource,Wallet,ApplePay,"Payment (Decrypt Flow)","HS pre-decrypts the wallet token and sends plaintext card data to the connector instead of the encrypted blob","POST /payments (ApplePay pre-decrypted token)",not_covered
cybersource,Wallet,GooglePay,"Payment (Decrypt Flow)","HS pre-decrypts the wallet token and sends plaintext card data to the connector instead of the encrypted blob","POST /payments (GooglePay pre-decrypted token)",not_covered
cybersource,Wallet,Paze,"Payment (Decrypt Flow)","HS pre-decrypts the wallet token and sends plaintext card data to the connector instead of the encrypted blob","POST /payments (Paze pre-decrypted token)",not_covered
finix,Wallet,ApplePay,"Payment (Decrypt Flow)","HS pre-decrypts the wallet token and sends plaintext card data to the connector instead of the encrypted blob","POST /payments (ApplePay pre-decrypted token)",not_covered
finix,Wallet,GooglePay,"Payment (Decrypt Flow)","HS pre-decrypts the wallet token and sends plaintext card data to the connector instead of the encrypted blob","POST /payments (GooglePay pre-decrypted token)",not_covered
finix,Wallet,Paze,"Payment (Decrypt Flow)","HS pre-decrypts the wallet token and sends plaintext card data to the connector instead of the encrypted blob","POST /payments (Paze pre-decrypted token)",not_covered
fiserv,Wallet,ApplePay,"Payment (Decrypt Flow)","HS pre-decrypts the wallet token and sends plaintext card data to the connector instead of the encrypted blob","POST /payments (ApplePay pre-decrypted token)",not_covered
fiuu,Wallet,ApplePay,"Payment (Decrypt Flow)","HS pre-decrypts the wallet token and sends plaintext card data to the connector instead of the encrypted blob","POST /payments (ApplePay pre-decrypted token)",not_covered
fiuu,Wallet,GooglePay,"Payment (Decrypt Flow)","HS pre-decrypts the wallet token and sends plaintext card data to the connector instead of the encrypted blob","POST /payments (GooglePay pre-decrypted token)",not_covered
fiuu,Wallet,Paze,"Payment (Decrypt Flow)","HS pre-decrypts the wallet token and sends plaintext card data to the connector instead of the encrypted blob","POST /payments (Paze pre-decrypted token)",not_covered
gocardless,Wallet,ApplePay,"Payment (Decrypt Flow)","HS pre-decrypts the wallet token and sends plaintext card data to the connector instead of the encrypted blob","POST /payments (ApplePay pre-decrypted token)",no_cypress_config
gocardless,Wallet,GooglePay,"Payment (Decrypt Flow)","HS pre-decrypts the wallet token and sends plaintext card data to the connector instead of the encrypted blob","POST /payments (GooglePay pre-decrypted token)",no_cypress_config
gocardless,Wallet,Paze,"Payment (Decrypt Flow)","HS pre-decrypts the wallet token and sends plaintext card data to the connector instead of the encrypted blob","POST /payments (Paze pre-decrypted token)",no_cypress_config
hipay,Wallet,ApplePay,"Payment (Decrypt Flow)","HS pre-decrypts the wallet token and sends plaintext card data to the connector instead of the encrypted blob","POST /payments (ApplePay pre-decrypted token)",not_covered
hipay,Wallet,GooglePay,"Payment (Decrypt Flow)","HS pre-decrypts the wallet token and sends plaintext card data to the connector instead of the encrypted blob","POST /payments (GooglePay pre-decrypted token)",not_covered
hipay,Wallet,Paze,"Payment (Decrypt Flow)","HS pre-decrypts the wallet token and sends plaintext card data to the connector instead of the encrypted blob","POST /payments (Paze pre-decrypted token)",not_covered
mollie,Wallet,ApplePay,"Payment (Decrypt Flow)","HS pre-decrypts the wallet token and sends plaintext card data to the connector instead of the encrypted blob","POST /payments (ApplePay pre-decrypted token)",not_covered
mollie,Wallet,GooglePay,"Payment (Decrypt Flow)","HS pre-decrypts the wallet token and sends plaintext card data to the connector instead of the encrypted blob","POST /payments (GooglePay pre-decrypted token)",not_covered
mollie,Wallet,Paze,"Payment (Decrypt Flow)","HS pre-decrypts the wallet token and sends plaintext card data to the connector instead of the encrypted blob","POST /payments (Paze pre-decrypted token)",not_covered
nmi,Wallet,ApplePay,"Payment (Decrypt Flow)","HS pre-decrypts the wallet token and sends plaintext card data to the connector instead of the encrypted blob","POST /payments (ApplePay pre-decrypted token)",not_covered
nmi,Wallet,GooglePay,"Payment (Decrypt Flow)","HS pre-decrypts the wallet token and sends plaintext card data to the connector instead of the encrypted blob","POST /payments (GooglePay pre-decrypted token)",not_covered
nmi,Wallet,Paze,"Payment (Decrypt Flow)","HS pre-decrypts the wallet token and sends plaintext card data to the connector instead of the encrypted blob","POST /payments (Paze pre-decrypted token)",not_covered
nuvei,Wallet,ApplePay,"Payment (Decrypt Flow)","HS pre-decrypts the wallet token and sends plaintext card data to the connector instead of the encrypted blob","POST /payments (ApplePay pre-decrypted token)",not_covered
nuvei,Wallet,GooglePay,"Payment (Decrypt Flow)","HS pre-decrypts the wallet token and sends plaintext card data to the connector instead of the encrypted blob","POST /payments (GooglePay pre-decrypted token)",not_covered
payme,Wallet,ApplePay,"Payment (Decrypt Flow)","HS pre-decrypts the wallet token and sends plaintext card data to the connector instead of the encrypted blob","POST /payments (ApplePay pre-decrypted token)",no_cypress_config
payme,Wallet,GooglePay,"Payment (Decrypt Flow)","HS pre-decrypts the wallet token and sends plaintext card data to the connector instead of the encrypted blob","POST /payments (GooglePay pre-decrypted token)",no_cypress_config
payme,Wallet,Paze,"Payment (Decrypt Flow)","HS pre-decrypts the wallet token and sends plaintext card data to the connector instead of the encrypted blob","POST /payments (Paze pre-decrypted token)",no_cypress_config
paysafe,Wallet,ApplePay,"Payment (Decrypt Flow)","HS pre-decrypts the wallet token and sends plaintext card data to the connector instead of the encrypted blob","POST /payments (ApplePay pre-decrypted token)",not_covered
square,Wallet,ApplePay,"Payment (Decrypt Flow)","HS pre-decrypts the wallet token and sends plaintext card data to the connector instead of the encrypted blob","POST /payments (ApplePay pre-decrypted token)",not_covered
square,Wallet,GooglePay,"Payment (Decrypt Flow)","HS pre-decrypts the wallet token and sends plaintext card data to the connector instead of the encrypted blob","POST /payments (GooglePay pre-decrypted token)",not_covered
square,Wallet,Paze,"Payment (Decrypt Flow)","HS pre-decrypts the wallet token and sends plaintext card data to the connector instead of the encrypted blob","POST /payments (Paze pre-decrypted token)",not_covered
stax,Wallet,ApplePay,"Payment (Decrypt Flow)","HS pre-decrypts the wallet token and sends plaintext card data to the connector instead of the encrypted blob","POST /payments (ApplePay pre-decrypted token)",not_covered
stax,Wallet,GooglePay,"Payment (Decrypt Flow)","HS pre-decrypts the wallet token and sends plaintext card data to the connector instead of the encrypted blob","POST /payments (GooglePay pre-decrypted token)",not_covered
stax,Wallet,Paze,"Payment (Decrypt Flow)","HS pre-decrypts the wallet token and sends plaintext card data to the connector instead of the encrypted blob","POST /payments (Paze pre-decrypted token)",not_covered
stripe,Wallet,ApplePay,"Payment (Decrypt Flow)","HS pre-decrypts the wallet token and sends plaintext card data to the connector instead of the encrypted blob","POST /payments (ApplePay pre-decrypted token)",not_covered
stripe,Wallet,GooglePay,"Payment (Decrypt Flow)","HS pre-decrypts the wallet token and sends plaintext card data to the connector instead of the encrypted blob","POST /payments (GooglePay pre-decrypted token)",not_covered
stripe,Wallet,Paze,"Payment (Decrypt Flow)","HS pre-decrypts the wallet token and sends plaintext card data to the connector instead of the encrypted blob","POST /payments (Paze pre-decrypted token)",not_covered
tesouro,Wallet,ApplePay,"Payment (Decrypt Flow)","HS pre-decrypts the wallet token and sends plaintext card data to the connector instead of the encrypted blob","POST /payments (ApplePay pre-decrypted token)",not_covered
tesouro,Wallet,GooglePay,"Payment (Decrypt Flow)","HS pre-decrypts the wallet token and sends plaintext card data to the connector instead of the encrypted blob","POST /payments (GooglePay pre-decrypted token)",not_covered
wellsfargo,Wallet,ApplePay,"Payment (Decrypt Flow)","HS pre-decrypts the wallet token and sends plaintext card data to the connector instead of the encrypted blob","POST /payments (ApplePay pre-decrypted token)",not_covered
wellsfargo,Wallet,GooglePay,"Payment (Decrypt Flow)","HS pre-decrypts the wallet token and sends plaintext card data to the connector instead of the encrypted blob","POST /payments (GooglePay pre-decrypted token)",not_covered
wellsfargo,Wallet,Paze,"Payment (Decrypt Flow)","HS pre-decrypts the wallet token and sends plaintext card data to the connector instead of the encrypted blob","POST /payments (Paze pre-decrypted token)",not_covered
worldpayvantiv,Wallet,ApplePay,"Payment (Decrypt Flow)","HS pre-decrypts the wallet token and sends plaintext card data to the connector instead of the encrypted blob","POST /payments (ApplePay pre-decrypted token)",not_covered
worldpayvantiv,Wallet,GooglePay,"Payment (Decrypt Flow)","HS pre-decrypts the wallet token and sends plaintext card data to the connector instead of the encrypted blob","POST /payments (GooglePay pre-decrypted token)",not_covered
